email,From,Sent,date,rank
43,e5d310e0,"Wednesday, December 23, 2020 12:51 PM",2020-12-23T17:51:00Z,5
44,e5d310e0,"Wednesday, December 23, 2020 10:06 AM",2020-12-23T15:06:00Z,5
45,aaaa20d0,"Tuesday, December 22, 2020 2:24 PM",2020-12-22T07:24:00Z,
46,aaaa20d0,"Tuesday, December 22, 2020 2:02 PM",2020-12-22T07:02:00Z,
47,aaaa20d0,"Tuesday, December 22, 2020 11:30 AM",2020-12-22T16:30:00Z,
48,aaaa20d0,"Tuesday, December 22, 2020 10:37 AM",2020-12-22T15:37:00Z,
49,e5d310e0,"Tuesday, December 22, 2020 10:32 AM",2020-12-22T15:32:00Z,5
50,e5d310e0,"Tuesday, December 22, 2020 9:36 AM",2020-12-22T14:36:00Z,5
51,aaaa20d0,"Monday, December 21, 2020 3:04 PM",2020-12-21T08:04:00Z,
52,aaaa20d0,"Monday, December 21, 2020 2:43 PM",2020-12-21T07:43:00Z,
53,6dc004d4,"Thursday, December 17, 2020 10:57 AM",2020-12-17T15:57:00Z,
54,6dc004d4,"Thursday, December 17, 2020 10:04 AM",2020-12-17T15:04:00Z,
55,67669d2d,"Thursday, December 17, 2020 9:46 AM",2020-12-17T14:46:00Z,1
56,67669d2d,"Thursday, December 17, 2020 8:37 AM",2020-12-17T13:37:00Z,1
57,b8e50f61,"Wednesday, December 16, 2020 3:02 PM",2020-12-16T08:02:00Z,3
58,b8e50f61,"Wednesday, December 16, 2020 1:57 PM",2020-12-16T06:57:00Z,3
59,6dc004d4,"Wednesday, December 16, 2020 1:35 PM",2020-12-16T06:35:00Z,
60,6dc004d4,"Wednesday, December 16, 2020 1:57 PM",2020-12-16T06:57:00Z,
61,4dbc5a10,"Tuesday, December 15, 2020 3:58 PM",2020-12-15T08:58:00Z,4
62,4dbc5a10,"Tuesday, December 15, 2020 2:49 PM",2020-12-15T07:49:00Z,4
63,b8e50f61,"Friday, December 11, 2020 9:32 AM",2020-12-11T14:32:00Z,3
64,b8e50f61,"Thursday, December 10, 2020 2:38 PM",2020-12-10T07:38:00Z,3
65,36cd8298,"Friday, December 4, 2020 8:51 AM",2020-12-04T13:51:00Z,
66,36cd8298,"Friday, December 4, 2020 9:36 AM",2020-12-04T14:36:00Z,
67,67669d2d,"Friday, November 20, 2020 4:39 PM",2020-11-20T09:39:00Z,1
68,67669d2d,"Friday, November 20, 2020 3:49 PM",2020-11-20T08:49:00Z,1
69,67669d2d,"Friday, November 20, 2020 2:37 PM",2020-11-20T07:37:00Z,1
70,67669d2d,"Friday, November 20, 2020 12:11 PM",2020-11-20T17:11:00Z,1
71,67669d2d,"Friday, November 20, 2020 10:35 AM",2020-11-20T15:35:00Z,1
72,e5d310e0,"Friday, November 20, 2020 9:58 AM",2020-11-20T14:58:00Z,5
73,e5d310e0,"Friday, November 20, 2020 8:44 AM",2020-11-20T13:44:00Z,5
74,67669d2d,"Friday, November 20, 2020 8:25 AM",2020-11-20T13:25:00Z,1
75,67669d2d,"Friday, November 20, 2020 7:55 AM",2020-11-20T12:55:00Z,1
76,36cd8298,"Friday, November 20, 2020 7:45 AM",2020-11-20T12:45:00Z,
77,36cd8298,"Friday, November 20, 2020 7:28 AM",2020-11-20T12:28:00Z,
78,67669d2d,"Thursday, November 19, 2020 9:23 PM",2020-11-19T14:23:00Z,1
79,67669d2d,"Thursday, November 19, 2020 6:52 PM",2020-11-19T11:52:00Z,1
80,67669d2d,"Thursday, November 19, 2020 6:17 PM",2020-11-19T11:17:00Z,1
81,67669d2d,"Thursday, November 19, 2020 4:15 PM",2020-11-19T09:15:00Z,1
82,36cd8298,"Wednesday, November 18, 2020 3:23 PM",2020-11-18T08:23:00Z,
83,36cd8298,"Wednesday, November 18, 2020 3:10 PM",2020-11-18T08:10:00Z,
84,b8e50f61,"Monday, November 16, 2020 1:56 PM",2020-11-16T06:56:00Z,3
85,b8e50f61,"Monday, November 16, 2020 1:49 PM",2020-11-16T06:49:00Z,3
86,f25462ef,"Monday, November 16, 2020 12:12 PM",2020-11-16T17:12:00Z,
87,f25462ef,"Monday, November 16, 2020 10:10 AM",2020-11-16T15:10:00Z,
88,963feaec,"Friday, November 13, 2020 11:16 AM",2020-11-13T16:16:00Z,2
89,963feaec,"Friday, November 13, 2020 10:25 AM",2020-11-13T15:25:00Z,2
90,67669d2d,"Friday, November 13, 2020 10:04 AM",2020-11-13T15:04:00Z,1
91,67669d2d,"Friday, November 13, 2020 9:59 AM",2020-11-13T14:59:00Z,1
92,f25462ef,"Thursday, November 12, 2020 1:21 PM",2020-11-12T06:21:00Z,
93,f25462ef,"Thursday, November 12, 2020 12:47 PM",2020-11-12T17:47:00Z,
94,f25462ef,"Thursday, November 12, 2020 10:56 AM",2020-11-12T15:56:00Z,
95,f25462ef,"Thursday, November 12, 2020 10:15 AM",2020-11-12T15:15:00Z,
96,69307a08,"Wednesday, November 11, 2020 5:02 PM",2020-11-11T10:02:00Z,
97,69307a08,"Wednesday, November 11, 2020 2:22 PM",2020-11-11T07:22:00Z,
98,67669d2d,"Monday, November 9, 2020 11:01 PM",2020-11-09T16:01:00Z,1
99,67669d2d,"Monday, November 9, 2020 10:07 PM",2020-11-09T15:07:00Z,1
100,b8e50f61,"Friday, November 6, 2020 5:28 PM",2020-11-06T10:28:00Z,3
101,b8e50f61,"Friday, November 6, 2020 5:10 PM",2020-11-06T10:10:00Z,3
102,69307a08,"Thursday, November 5, 2020 1:19 PM",2020-11-05T06:19:00Z,
103,69307a08,"Thursday, November 5, 2020 10:00 AM",2020-11-05T15:00:00Z,
104,69307a08,"Wednesday, November 4, 2020 5:17 PM",2020-11-04T10:17:00Z,
105,b8e50f61,"Wednesday, November 4, 2020 3:11 PM",2020-11-04T08:11:00Z,3
106,b8e50f61,"Wednesday, November 4, 2020 3:01 PM",2020-11-04T08:01:00Z,3
107,67669d2d,"Tuesday, November 3, 2020 11:37 AM",2020-11-03T16:37:00Z,1
108,67669d2d,"Tuesday, November 3, 2020 11:27 AM",2020-11-03T16:27:00Z,1
109,67669d2d,"Tuesday, November 3, 2020 9:37 AM",2020-11-03T14:37:00Z,1
110,67669d2d,"Tuesday, November 3, 2020 9:16 AM",2020-11-03T14:16:00Z,1
111,69307a08,"Monday, November 2, 2020 4:12 PM",2020-11-02T09:12:00Z,
112,67669d2d,"Saturday, October 31, 2020 12:02 PM",2020-10-31T16:02:00Z,1
113,67669d2d,"Saturday, October 31, 2020 11:59 AM",2020-10-31T15:59:00Z,1
114,e5d310e0,"Friday, October 30, 2020 8:08 PM",2020-10-30T12:08:00Z,5
115,e5d310e0,"Friday, October 30, 2020 5:52 PM",2020-10-30T09:52:00Z,5
116,67669d2d,"Friday, October 30, 2020 5:50 PM",2020-10-30T09:50:00Z,1
117,67669d2d,"Friday, October 30, 2020 5:41 PM",2020-10-30T09:41:00Z,1
118,0d827678,"Friday, October 30, 2020 4:01 PM",2020-10-30T08:01:00Z,
119,0d827678,"Friday, October 30, 2020 3:26 PM",2020-10-30T07:26:00Z,
120,69307a08,"Friday, October 30, 2020 12:14 PM",2020-10-30T16:14:00Z,
121,69307a08,"Friday, October 30, 2020 12:06 PM",2020-10-30T16:06:00Z,
122,69307a08,"Friday, October 30, 2020 11:37 AM",2020-10-30T15:37:00Z,
123,69307a08,"Friday, October 30, 2020 10:37 AM",2020-10-30T14:37:00Z,
124,67669d2d,"Thursday, October 29, 2020 3:34 PM",2020-10-29T07:34:00Z,1
125,67669d2d,"Thursday, October 29, 2020 2:45 PM",2020-10-29T06:45:00Z,1
126,c5504a54,"Thursday, October 29, 2020 2:17 PM",2020-10-29T06:17:00Z,
127,c5504a54,"Thursday, October 29, 2020 2:04 PM",2020-10-29T06:04:00Z,
128,67669d2d,"Thursday, October 29, 2020 12:04 PM",2020-10-29T16:04:00Z,1
129,67669d2d,"Thursday, October 29, 2020 11:53 AM",2020-10-29T15:53:00Z,1
130,67669d2d,"Wednesday, October 28, 2020 11:59 PM",2020-10-28T15:59:00Z,1
131,69307a08,"Wednesday, October 28, 2020 11:00 PM",2020-10-28T15:00:00Z,
132,69307a08,"Wednesday, October 28, 2020 2:58 PM",2020-10-28T06:58:00Z,
133,b8e50f61,"Tuesday, October 27, 2020 7:15 PM",2020-10-27T11:15:00Z,3
134,b8e50f61,"Tuesday, October 27, 2020 6:25 PM",2020-10-27T10:25:00Z,3
135,419fdc3d,"Tuesday, October 27, 2020 3:10 PM",2020-10-27T07:10:00Z,
136,419fdc3d,"Tuesday, October 27, 2020 2:41 PM",2020-10-27T06:41:00Z,
137,67669d2d,"Tuesday, October 27, 2020 11:32 AM",2020-10-27T15:32:00Z,1
138,67669d2d,"Tuesday, October 27, 2020 11:07 AM",2020-10-27T15:07:00Z,1
139,67669d2d,"Monday, October 26, 2020 6:05 PM",2020-10-26T10:05:00Z,1
140,67669d2d,"Monday, October 26, 2020 5:22 PM",2020-10-26T09:22:00Z,1
141,67669d2d,"Monday, October 26, 2020 4:35 PM",2020-10-26T08:35:00Z,1
142,67669d2d,"Monday, October 26, 2020 3:57 PM",2020-10-26T07:57:00Z,1
143,b8e50f61,"Monday, October 26, 2020 2:33 PM",2020-10-26T06:33:00Z,3
144,b8e50f61,"Monday, October 26, 2020 2:21 PM",2020-10-26T06:21:00Z,3
145,b8e50f61,"Monday, October 26, 2020 12:28 PM",2020-10-26T16:28:00Z,3
146,b8e50f61,"Monday, October 26, 2020 11:37 AM",2020-10-26T15:37:00Z,3
147,535dd9bb,"Friday, October 23, 2020 5:35 PM",2020-10-23T09:35:00Z,
148,419fdc3d,"Friday, October 23, 2020 4:15 PM",2020-10-23T08:15:00Z,
149,67669d2d,"Friday, October 23, 2020 10:11 AM",2020-10-23T14:11:00Z,1
150,67669d2d,"Friday, October 23, 2020 9:48 AM",2020-10-23T13:48:00Z,1
151,67669d2d,"Friday, October 23, 2020 9:33 AM",2020-10-23T13:33:00Z,1
152,67669d2d,"Friday, October 23, 2020 8:35 AM",2020-10-23T12:35:00Z,1
153,67669d2d,"Thursday, October 22, 2020 3:28 PM",2020-10-22T07:28:00Z,1
154,67669d2d,"Thursday, October 22, 2020 2:04 PM",2020-10-22T06:04:00Z,1
155,c5504a54,"Thursday, October 22, 2020 1:59 PM",2020-10-22T05:59:00Z,
156,c5504a54,"Thursday, October 22, 2020 1:07 PM",2020-10-22T05:07:00Z,
157,67669d2d,"Wednesday, October 21, 2020 6:14 PM",2020-10-21T10:14:00Z,1
158,1a129115,"Wednesday, October 21, 2020 5:32 PM",2020-10-21T09:32:00Z,
159,67669d2d,"Wednesday, October 21, 2020 3:02 PM",2020-10-21T07:02:00Z,1
160,67669d2d,"Wednesday, October 21, 2020 2:28 PM",2020-10-21T06:28:00Z,1
161,c5504a54,"Wednesday, October 21, 2020 1:49 PM",2020-10-21T05:49:00Z,
162,c5504a54,"Wednesday, October 21, 2020 12:04 PM",2020-10-21T16:04:00Z,
163,67669d2d,"Wednesday, October 21, 2020 10:46 AM",2020-10-21T14:46:00Z,1
164,67669d2d,"Wednesday, October 21, 2020 10:36 AM",2020-10-21T14:36:00Z,1
165,67669d2d,"Wednesday, October 21, 2020 9:46 AM",2020-10-21T13:46:00Z,1
166,67669d2d,"Wednesday, October 21, 2020 8:30 AM",2020-10-21T12:30:00Z,1
167,c5504a54,"Tuesday, October 20, 2020 2:34 PM",2020-10-20T06:34:00Z,
168,c5504a54,"Tuesday, October 20, 2020 1:49 PM",2020-10-20T05:49:00Z,
169,67669d2d,"Tuesday, October 20, 2020 10:14 AM",2020-10-20T14:14:00Z,1
170,67669d2d,"Tuesday, October 20, 2020 10:03 AM",2020-10-20T14:03:00Z,1
171,c5504a54,"Monday, October 19, 2020 7:04 PM",2020-10-19T11:04:00Z,
172,56500d94,"Monday, October 19, 2020 5:21 PM",2020-10-19T09:21:00Z,
173,56500d94,"Monday, October 19, 2020 4:54 PM",2020-10-19T08:54:00Z,
174,c5504a54,"Monday, October 19, 2020 4:50 PM",2020-10-19T08:50:00Z,
175,b8e50f61,"Monday, October 19, 2020 2:14 PM",2020-10-19T06:14:00Z,3
176,b8e50f61,"Monday, October 19, 2020 2:01 PM",2020-10-19T06:01:00Z,3
177,67669d2d,"Friday, October 16, 2020 9:46 AM",2020-10-16T13:46:00Z,1
178,67669d2d,"Friday, October 16, 2020 9:32 AM",2020-10-16T13:32:00Z,1
179,67669d2d,"Thursday, October 15, 2020 9:52 PM",2020-10-15T13:52:00Z,1
180,67669d2d,"Thursday, October 15, 2020 8:57 PM",2020-10-15T12:57:00Z,1
181,67669d2d,"Thursday, October 15, 2020 6:57 PM",2020-10-15T10:57:00Z,1
182,67669d2d,"Thursday, October 15, 2020 6:57 PM",2020-10-15T10:57:00Z,1
183,67669d2d,"Thursday, October 15, 2020 6:03 PM",2020-10-15T10:03:00Z,1
184,67669d2d,"Thursday, October 15, 2020 4:19 PM",2020-10-15T08:19:00Z,1
185,67669d2d,"Thursday, October 15, 2020 3:45 PM",2020-10-15T07:45:00Z,1
186,67669d2d,"Thursday, October 8, 2020 2:01 PM",2020-10-08T06:01:00Z,1
187,67669d2d,"Thursday, October 8, 2020 12:34 PM",2020-10-08T16:34:00Z,1
188,67669d2d,"Thursday, October 8, 2020 12:10 PM",2020-10-08T16:10:00Z,1
189,67669d2d,"Thursday, October 8, 2020 12:00 PM",2020-10-08T16:00:00Z,1
190,67669d2d,"Tuesday, October 6, 2020 9:50 PM",2020-10-06T13:50:00Z,1
191,67669d2d,"Tuesday, October 6, 2020 9:33 PM",2020-10-06T13:33:00Z,1
192,67669d2d,"Tuesday, October 6, 2020 3:48 PM",2020-10-06T07:48:00Z,1
193,67669d2d,"Tuesday, October 6, 2020 3:29 PM",2020-10-06T07:29:00Z,1
194,67669d2d,"Tuesday, October 6, 2020 2:37 PM",2020-10-06T06:37:00Z,1
195,67669d2d,"Tuesday, October 6, 2020 2:27 PM",2020-10-06T06:27:00Z,1
196,67669d2d,"Tuesday, October 6, 2020 9:59 AM",2020-10-06T13:59:00Z,1
197,67669d2d,"Tuesday, October 6, 2020 9:42 AM",2020-10-06T13:42:00Z,1
198,67669d2d,"Monday, October 5, 2020 7:34 PM",2020-10-05T11:34:00Z,1
199,67669d2d,"Monday, October 5, 2020 7:18 PM",2020-10-05T11:18:00Z,1
200,b8e50f61,"Monday, October 5, 2020 4:01 PM",2020-10-05T08:01:00Z,3
201,b8e50f61,"Monday, October 5, 2020 3:47 PM",2020-10-05T07:47:00Z,3
202,963feaec,"Monday, October 5, 2020 11:15 AM",2020-10-05T15:15:00Z,2
203,963feaec,"Monday, October 5, 2020 10:35 AM",2020-10-05T14:35:00Z,2
204,67669d2d,"Monday, October 5, 2020 10:08 AM",2020-10-05T14:08:00Z,1
205,67669d2d,"Monday, October 5, 2020 9:29 AM",2020-10-05T13:29:00Z,1
206,963feaec,"Friday, October 2, 2020 11:40 AM",2020-10-02T15:40:00Z,2
207,b8e50f61,"Thursday, October 1, 2020 2:23 PM",2020-10-01T06:23:00Z,3
208,b8e50f61,"Thursday, October 1, 2020 1:45 PM",2020-10-01T05:45:00Z,3
209,67669d2d,"Tuesday, September 29, 2020 7:33 PM",2020-09-29T11:33:00Z,1
210,67669d2d,"Tuesday, September 29, 2020 7:02 PM",2020-09-29T11:02:00Z,1
211,963feaec,"Tuesday, September 29, 2020 5:54 PM",2020-09-29T09:54:00Z,2
212,963feaec,"Tuesday, September 29, 2020 5:46 PM",2020-09-29T09:46:00Z,2
213,189c38e8,"Tuesday, September 29, 2020 5:41 PM",2020-09-29T09:41:00Z,
214,189c38e8,"Tuesday, September 29, 2020 3:54 PM",2020-09-29T07:54:00Z,
215,67669d2d,"Tuesday, September 29, 2020 12:52 PM",2020-09-29T16:52:00Z,1
216,67669d2d,"Tuesday, September 29, 2020 12:27 PM",2020-09-29T16:27:00Z,1
217,963feaec,"Friday, September 25, 2020 4:19 PM",2020-09-25T08:19:00Z,2
218,a07a6c1c,"Friday, September 25, 2020 1:58 PM",2020-09-25T05:58:00Z,
219,a07a6c1c,"Friday, September 25, 2020 11:09 AM",2020-09-25T15:09:00Z,
220,67669d2d,"Wednesday, September 23, 2020 6:44 PM",2020-09-23T10:44:00Z,1
221,67669d2d,"Wednesday, September 23, 2020 6:16 PM",2020-09-23T10:16:00Z,1
222,419fdc3d,"Wednesday, September 23, 2020 6:13 PM",2020-09-23T10:13:00Z,
223,419fdc3d,"Wednesday, September 23, 2020 3:33 PM",2020-09-23T07:33:00Z,
224,4dbc5a10,"Tuesday, September 22, 2020 2:57 PM",2020-09-22T06:57:00Z,4
225,4dbc5a10,"Tuesday, September 22, 2020 12:31 PM",2020-09-22T16:31:00Z,4
226,69307a08,"Monday, September 21, 2020 2:40 PM",2020-09-21T06:40:00Z,
227,69307a08,"Monday, September 21, 2020 11:59 AM",2020-09-21T15:59:00Z,
228,e5d310e0,"Sunday, September 20, 2020 1:35 PM",2020-09-20T05:35:00Z,5
229,e5d310e0,"Sunday, September 20, 2020 10:19 AM",2020-09-20T14:19:00Z,5
230,67669d2d,"Friday, September 18, 2020 10:13 AM",2020-09-18T14:13:00Z,1
231,67669d2d,"Friday, September 18, 2020 10:05 AM",2020-09-18T14:05:00Z,1
232,67669d2d,"Thursday, September 17, 2020 4:15 PM",2020-09-17T08:15:00Z,1
233,67669d2d,"Thursday, September 17, 2020 4:01 PM",2020-09-17T08:01:00Z,1
234,189c38e8,"Thursday, September 17, 2020 3:53 PM",2020-09-17T07:53:00Z,
235,189c38e8,"Thursday, September 17, 2020 3:41 PM",2020-09-17T07:41:00Z,
236,189c38e8,"Thursday, September 17, 2020 3:30 PM",2020-09-17T07:30:00Z,
237,189c38e8,"Thursday, September 17, 2020 3:12 PM",2020-09-17T07:12:00Z,
238,e5d310e0,"Wednesday, September 16, 2020 5:04 PM",2020-09-16T09:04:00Z,5
239,e5d310e0,"Wednesday, September 16, 2020 3:43 PM",2020-09-16T07:43:00Z,5
240,67669d2d,"Wednesday, September 16, 2020 11:15 AM",2020-09-16T15:15:00Z,1
241,67669d2d,"Wednesday, September 16, 2020 11:03 AM",2020-09-16T15:03:00Z,1
242,67669d2d,"Tuesday, September 15, 2020 3:32 PM",2020-09-15T07:32:00Z,1
243,67669d2d,"Tuesday, September 15, 2020 3:13 PM",2020-09-15T07:13:00Z,1
244,67669d2d,"Tuesday, September 15, 2020 2:42 PM",2020-09-15T06:42:00Z,1
245,67669d2d,"Tuesday, September 15, 2020 2:19 PM",2020-09-15T06:19:00Z,1
246,67669d2d,"Tuesday, September 15, 2020 1:32 PM",2020-09-15T05:32:00Z,1
247,67669d2d,"Tuesday, September 15, 2020 12:56 PM",2020-09-15T16:56:00Z,1
248,4dbc5a10,"Monday, September 14, 2020 5:30 PM",2020-09-14T09:30:00Z,4
249,4dbc5a10,"Monday, September 14, 2020 3:27 PM",2020-09-14T07:27:00Z,4
250,419fdc3d,"Monday, September 14, 2020 3:25 PM",2020-09-14T07:25:00Z,
251,419fdc3d,"Monday, September 14, 2020 2:54 PM",2020-09-14T06:54:00Z,
252,b8e50f61,"Monday, September 14, 2020 11:55 AM",2020-09-14T15:55:00Z,3
253,b8e50f61,"Monday, September 14, 2020 10:22 AM",2020-09-14T14:22:00Z,3
254,4dbc5a10,"Monday, September 14, 2020 9:19 AM",2020-09-14T13:19:00Z,4
255,4dbc5a10,"Monday, September 14, 2020 8:48 AM",2020-09-14T12:48:00Z,4
256,4dbc5a10,"Friday, September 11, 2020 5:58 PM",2020-09-11T09:58:00Z,4
257,189c38e8,"Friday, September 11, 2020 4:47 PM",2020-09-11T08:47:00Z,
258,189c38e8,"Friday, September 11, 2020 3:42 PM",2020-09-11T07:42:00Z,
259,189c38e8,"Friday, September 11, 2020 11:15 AM",2020-09-11T15:15:00Z,
260,189c38e8,"Friday, September 11, 2020 10:44 AM",2020-09-11T14:44:00Z,
261,4dbc5a10,"Thursday, September 10, 2020 5:32 PM",2020-09-10T09:32:00Z,4
262,189c38e8,"Thursday, September 10, 2020 4:19 PM",2020-09-10T08:19:00Z,
263,189c38e8,"Thursday, September 10, 2020 2:07 PM",2020-09-10T06:07:00Z,
264,189c38e8,"Thursday, September 10, 2020 12:34 PM",2020-09-10T16:34:00Z,
265,67669d2d,"Thursday, September 10, 2020 11:57 AM",2020-09-10T15:57:00Z,1
266,67669d2d,"Thursday, September 10, 2020 11:45 AM",2020-09-10T15:45:00Z,1
267,189c38e8,"Thursday, September 10, 2020 11:38 AM",2020-09-10T15:38:00Z,
268,189c38e8,"Thursday, September 10, 2020 9:22 AM",2020-09-10T13:22:00Z,
269,67669d2d,"Thursday, September 10, 2020 9:19 AM",2020-09-10T13:19:00Z,1
270,67669d2d,"Thursday, September 10, 2020 8:45 AM",2020-09-10T12:45:00Z,1
271,189c38e8,"Wednesday, September 9, 2020 5:45 PM",2020-09-09T09:45:00Z,
272,4dbc5a10,"Wednesday, September 9, 2020 5:11 PM",2020-09-09T09:11:00Z,4
273,189c38e8,"Wednesday, September 9, 2020 3:55 PM",2020-09-09T07:55:00Z,
274,189c38e8,"Wednesday, September 9, 2020 2:06 PM",2020-09-09T06:06:00Z,
275,67669d2d,"Wednesday, September 9, 2020 11:27 AM",2020-09-09T15:27:00Z,1
276,67669d2d,"Wednesday, September 9, 2020 10:59 AM",2020-09-09T14:59:00Z,1
277,963feaec,"Tuesday, September 8, 2020 5:19 PM",2020-09-08T09:19:00Z,2
278,963feaec,"Tuesday, September 8, 2020 4:59 PM",2020-09-08T08:59:00Z,2
279,67669d2d,"Tuesday, September 8, 2020 4:56 PM",2020-09-08T08:56:00Z,1
280,67669d2d,"Tuesday, September 8, 2020 4:33 PM",2020-09-08T08:33:00Z,1
281,963feaec,"Tuesday, September 8, 2020 2:24 PM",2020-09-08T06:24:00Z,2
282,963feaec,"Tuesday, September 8, 2020 1:08 PM",2020-09-08T05:08:00Z,2
283,963feaec,"Tuesday, September 8, 2020 12:29 PM",2020-09-08T16:29:00Z,2
284,b8e50f61,"Friday, September 4, 2020 11:39 AM",2020-09-04T15:39:00Z,3
285,b8e50f61,"Friday, September 4, 2020 9:54 AM",2020-09-04T13:54:00Z,3
286,b8e50f61,"Thursday, September 3, 2020 5:04 PM",2020-09-03T09:04:00Z,3
287,b8e50f61,"Thursday, September 3, 2020 4:44 PM",2020-09-03T08:44:00Z,3
288,a07a6c1c,"Thursday, September 3, 2020 4:23 PM",2020-09-03T08:23:00Z,
289,a07a6c1c,"Thursday, September 3, 2020 4:00 PM",2020-09-03T08:00:00Z,
290,b8e50f61,"Thursday, September 3, 2020 1:25 PM",2020-09-03T05:25:00Z,3
291,b8e50f61,"Thursday, September 3, 2020 12:45 PM",2020-09-03T16:45:00Z,3
292,67669d2d,"Thursday, September 3, 2020 9:21 AM",2020-09-03T13:21:00Z,1
293,67669d2d,"Thursday, September 3, 2020 9:06 AM",2020-09-03T13:06:00Z,1
294,a07a6c1c,"Wednesday, September 2, 2020 2:58 PM",2020-09-02T06:58:00Z,
295,a07a6c1c,"Wednesday, September 2, 2020 1:51 PM",2020-09-02T05:51:00Z,
296,963feaec,"Wednesday, September 2, 2020 1:08 PM",2020-09-02T05:08:00Z,2
297,963feaec,"Wednesday, September 2, 2020 12:57 PM",2020-09-02T16:57:00Z,2
298,963feaec,"Wednesday, September 2, 2020 11:10 AM",2020-09-02T15:10:00Z,2
299,963feaec,"Wednesday, September 2, 2020 10:01 AM",2020-09-02T14:01:00Z,2
300,67669d2d,"Tuesday, September 1, 2020 8:54 AM",2020-09-01T12:54:00Z,1
301,67669d2d,"Tuesday, September 1, 2020 8:51 AM",2020-09-01T12:51:00Z,1
302,b8e50f61,"Friday, August 28, 2020 10:20 AM",2020-08-28T14:20:00Z,3
303,b8e50f61,"Friday, August 28, 2020 10:14 AM",2020-08-28T14:14:00Z,3
304,67669d2d,"Friday, August 28, 2020 10:06 AM",2020-08-28T14:06:00Z,1
305,67669d2d,"Friday, August 28, 2020 8:16 AM",2020-08-28T12:16:00Z,1
306,67669d2d,"Thursday, August 27, 2020 8:36 PM",2020-08-27T12:36:00Z,1
307,67669d2d,"Thursday, August 27, 2020 8:14 PM",2020-08-27T12:14:00Z,1
308,963feaec,"Thursday, August 27, 2020 5:38 PM",2020-08-27T09:38:00Z,2
309,963feaec,"Thursday, August 27, 2020 4:32 PM",2020-08-27T08:32:00Z,2
310,189c38e8,"Wednesday, August 26, 2020 3:48 PM",2020-08-26T07:48:00Z,
311,e5d310e0,"Wednesday, August 26, 2020 2:53 PM",2020-08-26T06:53:00Z,5
312,e5d310e0,"Wednesday, August 26, 2020 12:06 PM",2020-08-26T16:06:00Z,5
313,189c38e8,"Wednesday, August 26, 2020 12:06 PM",2020-08-26T16:06:00Z,
314,189c38e8,"Wednesday, August 26, 2020 10:54 AM",2020-08-26T14:54:00Z,
315,67669d2d,"Tuesday, August 25, 2020 6:56 PM",2020-08-25T10:56:00Z,1
316,67669d2d,"Tuesday, August 25, 2020 6:07 PM",2020-08-25T10:07:00Z,1
317,67669d2d,"Tuesday, August 25, 2020 10:19 AM",2020-08-25T14:19:00Z,1
318,67669d2d,"Tuesday, August 25, 2020 9:43 AM",2020-08-25T13:43:00Z,1
319,67669d2d,"Monday, August 24, 2020 5:16 PM",2020-08-24T09:16:00Z,1
320,67669d2d,"Monday, August 24, 2020 3:57 PM",2020-08-24T07:57:00Z,1
321,67669d2d,"Monday, August 24, 2020 1:10 PM",2020-08-24T05:10:00Z,1
322,67669d2d,"Monday, August 24, 2020 12:00 PM",2020-08-24T16:00:00Z,1
323,67669d2d,"Monday, August 24, 2020 10:49 AM",2020-08-24T14:49:00Z,1
324,67669d2d,"Monday, August 24, 2020 9:41 AM",2020-08-24T13:41:00Z,1
325,36cd8298,"Sunday, August 23, 2020 11:56 AM",2020-08-23T15:56:00Z,
326,36cd8298,"Sunday, August 23, 2020 10:45 AM",2020-08-23T14:45:00Z,
327,e5d310e0,"Friday, August 21, 2020 10:05 AM",2020-08-21T14:05:00Z,5
328,67669d2d,"Friday, August 21, 2020 10:01 AM",2020-08-21T14:01:00Z,1
329,67669d2d,"Friday, August 21, 2020 8:42 AM",2020-08-21T12:42:00Z,1
330,963feaec,"Thursday, August 20, 2020 2:08 PM",2020-08-20T06:08:00Z,2
331,963feaec,"Thursday, August 20, 2020 1:50 PM",2020-08-20T05:50:00Z,2
332,36cd8298,"Thursday, August 20, 2020 1:08 PM",2020-08-20T05:08:00Z,
333,36cd8298,"Thursday, August 20, 2020 12:45 PM",2020-08-20T16:45:00Z,
334,36cd8298,"Thursday, August 20, 2020 9:19 AM",2020-08-20T13:19:00Z,
335,36cd8298,"Thursday, August 20, 2020 9:00 AM",2020-08-20T13:00:00Z,
336,b8e50f61,"Wednesday, August 19, 2020 4:36 PM",2020-08-19T08:36:00Z,3
337,b8e50f61,"Wednesday, August 19, 2020 3:54 PM",2020-08-19T07:54:00Z,3
338,b8e50f61,"Wednesday, August 19, 2020 10:08 AM",2020-08-19T14:08:00Z,3
339,b8e50f61,"Wednesday, August 19, 2020 9:25 AM",2020-08-19T13:25:00Z,3
340,67669d2d,"Tuesday, August 18, 2020 6:04 PM",2020-08-18T10:04:00Z,1
341,67669d2d,"Tuesday, August 18, 2020 5:31 PM",2020-08-18T09:31:00Z,1
342,b8e50f61,"Tuesday, August 18, 2020 5:27 PM",2020-08-18T09:27:00Z,3
343,b8e50f61,"Tuesday, August 18, 2020 5:16 PM",2020-08-18T09:16:00Z,3
344,b8e50f61,"Tuesday, August 18, 2020 4:52 PM",2020-08-18T08:52:00Z,3
345,b8e50f61,"Tuesday, August 18, 2020 4:15 PM",2020-08-18T08:15:00Z,3
346,419fdc3d,"Tuesday, August 18, 2020 12:24 PM",2020-08-18T16:24:00Z,
347,419fdc3d,"Tuesday, August 18, 2020 11:38 AM",2020-08-18T15:38:00Z,
348,67669d2d,"Tuesday, August 18, 2020 11:03 AM",2020-08-18T15:03:00Z,1
349,67669d2d,"Tuesday, August 18, 2020 10:17 AM",2020-08-18T14:17:00Z,1
350,e5d310e0,"Monday, August 17, 2020 10:31 AM",2020-08-17T14:31:00Z,5
351,e5d310e0,"Monday, August 17, 2020 9:41 AM",2020-08-17T13:41:00Z,5
352,b8e50f61,"Friday, August 14, 2020 11:51 AM",2020-08-14T15:51:00Z,3
353,b8e50f61,"Friday, August 14, 2020 11:24 AM",2020-08-14T15:24:00Z,3
354,e5d310e0,"Thursday, August 13, 2020 6:03 PM",2020-08-13T10:03:00Z,5
355,e5d310e0,"Thursday, August 13, 2020 2:24 PM",2020-08-13T06:24:00Z,5
356,e5d310e0,"Thursday, August 13, 2020 12:33 PM",2020-08-13T16:33:00Z,5
357,963feaec,"Thursday, August 13, 2020 12:04 PM",2020-08-13T16:04:00Z,2
358,1a129115,"Thursday, August 13, 2020 10:11 AM",2020-08-13T14:11:00Z,
359,1a129115,"Thursday, August 13, 2020 9:52 AM",2020-08-13T13:52:00Z,
360,b8e50f61,"Wednesday, August 12, 2020 1:50 PM",2020-08-12T05:50:00Z,3
361,b8e50f61,"Wednesday, August 12, 2020 1:17 PM",2020-08-12T05:17:00Z,3
362,b8e50f61,"Wednesday, August 12, 2020 1:12 PM",2020-08-12T05:12:00Z,3
363,67669d2d,"Wednesday, August 12, 2020 12:39 PM",2020-08-12T16:39:00Z,1
364,67669d2d,"Wednesday, August 12, 2020 11:35 AM",2020-08-12T15:35:00Z,1
365,67669d2d,"Wednesday, August 12, 2020 9:13 AM",2020-08-12T13:13:00Z,1
366,67669d2d,"Wednesday, August 12, 2020 9:07 AM",2020-08-12T13:07:00Z,1
367,67669d2d,"Wednesday, August 12, 2020 8:07 AM",2020-08-12T12:07:00Z,1
368,67669d2d,"Wednesday, August 12, 2020 7:51 AM",2020-08-12T11:51:00Z,1
369,67669d2d,"Tuesday, August 11, 2020 6:28 PM",2020-08-11T10:28:00Z,1
370,67669d2d,"Tuesday, August 11, 2020 6:17 PM",2020-08-11T10:17:00Z,1
371,963feaec,"Tuesday, August 11, 2020 6:15 PM",2020-08-11T10:15:00Z,2
372,963feaec,"Tuesday, August 11, 2020 5:41 PM",2020-08-11T09:41:00Z,2
373,67669d2d,"Tuesday, August 11, 2020 2:29 PM",2020-08-11T06:29:00Z,1
374,67669d2d,"Tuesday, August 11, 2020 1:12 PM",2020-08-11T05:12:00Z,1
375,67669d2d,"Tuesday, August 11, 2020 11:41 AM",2020-08-11T15:41:00Z,1
376,67669d2d,"Tuesday, August 11, 2020 10:55 AM",2020-08-11T14:55:00Z,1
377,67669d2d,"Monday, August 10, 2020 9:12 AM",2020-08-10T13:12:00Z,1
378,67669d2d,"Monday, August 10, 2020 7:33 AM",2020-08-10T11:33:00Z,1
379,67669d2d,"Friday, August 7, 2020 2:47 PM",2020-08-07T06:47:00Z,1
380,67669d2d,"Friday, August 7, 2020 2:26 PM",2020-08-07T06:26:00Z,1
381,963feaec,"Friday, August 7, 2020 11:59 AM",2020-08-07T15:59:00Z,2
382,963feaec,"Friday, August 7, 2020 11:44 AM",2020-08-07T15:44:00Z,2
383,67669d2d,"Friday, August 7, 2020 10:02 AM",2020-08-07T14:02:00Z,1
384,67669d2d,"Friday, August 7, 2020 9:21 AM",2020-08-07T13:21:00Z,1
385,963feaec,"Thursday, August 6, 2020 2:08 PM",2020-08-06T06:08:00Z,2
386,963feaec,"Thursday, August 6, 2020 1:40 PM",2020-08-06T05:40:00Z,2
387,67669d2d,"Thursday, August 6, 2020 11:52 AM",2020-08-06T15:52:00Z,1
388,67669d2d,"Thursday, August 6, 2020 10:43 AM",2020-08-06T14:43:00Z,1
389,67669d2d,"Wednesday, August 5, 2020 2:56 PM",2020-08-05T06:56:00Z,1
390,67669d2d,"Wednesday, August 5, 2020 2:27 PM",2020-08-05T06:27:00Z,1
391,963feaec,"Wednesday, August 5, 2020 9:28 AM",2020-08-05T13:28:00Z,2
392,963feaec,"Wednesday, August 5, 2020 8:58 AM",2020-08-05T12:58:00Z,2
393,67669d2d,"Wednesday, August 5, 2020 8:56 AM",2020-08-05T12:56:00Z,1
394,67669d2d,"Wednesday, August 5, 2020 7:19 AM",2020-08-05T11:19:00Z,1
395,b8e50f61,"Tuesday, August 4, 2020 5:01 PM",2020-08-04T09:01:00Z,3
396,963feaec,"Tuesday, August 4, 2020 2:53 PM",2020-08-04T06:53:00Z,2
397,67669d2d,"Tuesday, August 4, 2020 2:30 PM",2020-08-04T06:30:00Z,1
398,67669d2d,"Tuesday, August 4, 2020 12:30 PM",2020-08-04T16:30:00Z,1
399,419fdc3d,"Tuesday, August 4, 2020 12:06 PM",2020-08-04T16:06:00Z,
400,b8e50f61,"Tuesday, August 4, 2020 12:03 PM",2020-08-04T16:03:00Z,3
401,67669d2d,"Tuesday, August 4, 2020 11:22 AM",2020-08-04T15:22:00Z,1
402,67669d2d,"Tuesday, August 4, 2020 10:39 AM",2020-08-04T14:39:00Z,1
403,67669d2d,"Tuesday, August 4, 2020 8:51 AM",2020-08-04T12:51:00Z,1
404,67669d2d,"Tuesday, August 4, 2020 7:30 AM",2020-08-04T11:30:00Z,1
405,56500d94,"Monday, August 3, 2020 4:00 PM",2020-08-03T08:00:00Z,
406,56500d94,"Monday, August 3, 2020 10:54 AM",2020-08-03T14:54:00Z,
407,67669d2d,"Monday, August 3, 2020 8:39 AM",2020-08-03T12:39:00Z,1
408,67669d2d,"Monday, August 3, 2020 7:09 AM",2020-08-03T11:09:00Z,1
409,4dbc5a10,"Friday, July 31, 2020 8:29 PM",2020-07-31T12:29:00Z,4
410,4dbc5a10,"Friday, July 31, 2020 8:21 PM",2020-07-31T12:21:00Z,4
411,56500d94,"Friday, July 31, 2020 6:36 PM",2020-07-31T10:36:00Z,
412,56500d94,"Friday, July 31, 2020 6:03 PM",2020-07-31T10:03:00Z,
413,67669d2d,"Friday, July 31, 2020 3:38 PM",2020-07-31T07:38:00Z,1
414,67669d2d,"Friday, July 31, 2020 2:07 PM",2020-07-31T06:07:00Z,1
415,67669d2d,"Friday, July 31, 2020 12:47 PM",2020-07-31T16:47:00Z,1
416,67669d2d,"Friday, July 31, 2020 12:09 PM",2020-07-31T16:09:00Z,1
417,b8e50f61,"Thursday, July 30, 2020 11:52 AM",2020-07-30T15:52:00Z,3
418,963feaec,"Wednesday, July 29, 2020 4:54 PM",2020-07-29T08:54:00Z,2
419,963feaec,"Wednesday, July 29, 2020 3:43 PM",2020-07-29T07:43:00Z,2
420,4dbc5a10,"Wednesday, July 29, 2020 2:33 PM",2020-07-29T06:33:00Z,4
421,4dbc5a10,"Wednesday, July 29, 2020 1:51 PM",2020-07-29T05:51:00Z,4
422,963feaec,"Wednesday, July 29, 2020 9:59 AM",2020-07-29T13:59:00Z,2
423,963feaec,"Wednesday, July 29, 2020 9:04 AM",2020-07-29T13:04:00Z,2
424,963feaec,"Tuesday, July 28, 2020 8:39 PM",2020-07-28T12:39:00Z,2
425,963feaec,"Tuesday, July 28, 2020 5:34 PM",2020-07-28T09:34:00Z,2
426,963feaec,"Tuesday, July 28, 2020 11:09 AM",2020-07-28T15:09:00Z,2
427,963feaec,"Tuesday, July 28, 2020 10:02 AM",2020-07-28T14:02:00Z,2
428,189c38e8,"Monday, July 27, 2020 5:57 PM",2020-07-27T09:57:00Z,
429,963feaec,"Monday, July 27, 2020 5:37 PM",2020-07-27T09:37:00Z,2
430,963feaec,"Monday, July 27, 2020 4:22 PM",2020-07-27T08:22:00Z,2
431,b8e50f61,"Monday, July 27, 2020 1:40 PM",2020-07-27T05:40:00Z,3
432,b8e50f61,"Monday, July 27, 2020 1:03 PM",2020-07-27T05:03:00Z,3
433,4dbc5a10,"Monday, July 27, 2020 11:30 AM",2020-07-27T15:30:00Z,4
434,963feaec,"Monday, July 27, 2020 10:43 AM",2020-07-27T14:43:00Z,2
435,963feaec,"Monday, July 27, 2020 8:39 AM",2020-07-27T12:39:00Z,2
436,963feaec,"Saturday, July 25, 2020 7:18 PM",2020-07-25T11:18:00Z,2
437,4dbc5a10,"Saturday, July 25, 2020 7:14 PM",2020-07-25T11:14:00Z,4
438,4dbc5a10,"Saturday, July 25, 2020 5:32 PM",2020-07-25T09:32:00Z,4
439,4dbc5a10,"Friday, July 24, 2020 9:01 PM",2020-07-24T13:01:00Z,4
440,4dbc5a10,"Friday, July 24, 2020 3:55 PM",2020-07-24T07:55:00Z,4
441,b8e50f61,"Friday, July 24, 2020 2:39 PM",2020-07-24T06:39:00Z,3
442,b8e50f61,"Friday, July 24, 2020 2:17 PM",2020-07-24T06:17:00Z,3
443,189c38e8,"Friday, July 24, 2020 2:11 PM",2020-07-24T06:11:00Z,
444,419fdc3d,"Friday, July 24, 2020 2:10 PM",2020-07-24T06:10:00Z,
445,b8e50f61,"Thursday, July 23, 2020 3:23 PM",2020-07-23T07:23:00Z,3
446,b8e50f61,"Thursday, July 23, 2020 2:36 PM",2020-07-23T06:36:00Z,3
447,963feaec,"Wednesday, July 22, 2020 4:32 PM",2020-07-22T08:32:00Z,2
448,67669d2d,"Wednesday, July 22, 2020 4:24 PM",2020-07-22T08:24:00Z,1
449,67669d2d,"Wednesday, July 22, 2020 3:45 PM",2020-07-22T07:45:00Z,1
450,963feaec,"Wednesday, July 22, 2020 1:53 PM",2020-07-22T05:53:00Z,2
451,4dbc5a10,"Wednesday, July 22, 2020 12:37 PM",2020-07-22T16:37:00Z,4
452,67669d2d,"Wednesday, July 22, 2020 11:28 AM",2020-07-22T15:28:00Z,1
453,67669d2d,"Wednesday, July 22, 2020 9:46 AM",2020-07-22T13:46:00Z,1
454,67669d2d,"Tuesday, July 21, 2020 8:25 PM",2020-07-21T12:25:00Z,1
455,67669d2d,"Tuesday, July 21, 2020 7:50 PM",2020-07-21T11:50:00Z,1
456,67669d2d,"Tuesday, July 21, 2020 4:15 PM",2020-07-21T08:15:00Z,1
457,67669d2d,"Tuesday, July 21, 2020 2:48 PM",2020-07-21T06:48:00Z,1
458,419fdc3d,"Tuesday, July 21, 2020 1:29 PM",2020-07-21T05:29:00Z,
459,419fdc3d,"Tuesday, July 21, 2020 1:05 PM",2020-07-21T05:05:00Z,
460,67669d2d,"Tuesday, July 21, 2020 11:25 AM",2020-07-21T15:25:00Z,1
461,67669d2d,"Tuesday, July 21, 2020 11:01 AM",2020-07-21T15:01:00Z,1
462,67669d2d,"Monday, July 20, 2020 5:38 PM",2020-07-20T09:38:00Z,1
463,67669d2d,"Monday, July 20, 2020 5:08 PM",2020-07-20T09:08:00Z,1
464,e5d310e0,"Monday, July 20, 2020 11:55 AM",2020-07-20T15:55:00Z,5
465,963feaec,"Monday, July 20, 2020 11:54 AM",2020-07-20T15:54:00Z,2
466,963feaec,"Monday, July 20, 2020 9:43 AM",2020-07-20T13:43:00Z,2
467,4dbc5a10,"Friday, July 17, 2020 6:43 PM",2020-07-17T10:43:00Z,4
468,4dbc5a10,"Friday, July 17, 2020 5:00 PM",2020-07-17T09:00:00Z,4
469,4dbc5a10,"Friday, July 17, 2020 12:04 PM",2020-07-17T16:04:00Z,4
470,4dbc5a10,"Friday, July 17, 2020 10:20 AM",2020-07-17T14:20:00Z,4
471,963feaec,"Friday, July 17, 2020 10:17 AM",2020-07-17T14:17:00Z,2
472,963feaec,"Friday, July 17, 2020 10:10 AM",2020-07-17T14:10:00Z,2
473,67669d2d,"Friday, July 17, 2020 10:06 AM",2020-07-17T14:06:00Z,1
474,419fdc3d,"Friday, July 17, 2020 9:58 AM",2020-07-17T13:58:00Z,
475,67669d2d,"Friday, July 17, 2020 9:13 AM",2020-07-17T13:13:00Z,1
476,b8e50f61,"Thursday, July 16, 2020 3:43 PM",2020-07-16T07:43:00Z,3
477,b8e50f61,"Thursday, July 16, 2020 3:16 PM",2020-07-16T07:16:00Z,3
478,67669d2d,"Thursday, July 16, 2020 2:37 PM",2020-07-16T06:37:00Z,1
479,67669d2d,"Thursday, July 16, 2020 1:28 PM",2020-07-16T05:28:00Z,1
480,e5d310e0,"Thursday, July 16, 2020 9:45 AM",2020-07-16T13:45:00Z,5
481,e5d310e0,"Thursday, July 16, 2020 9:24 AM",2020-07-16T13:24:00Z,5
482,67669d2d,"Thursday, July 16, 2020 9:15 AM",2020-07-16T13:15:00Z,1
483,67669d2d,"Thursday, July 16, 2020 8:51 AM",2020-07-16T12:51:00Z,1
484,4dbc5a10,"Wednesday, July 15, 2020 10:23 PM",2020-07-15T14:23:00Z,4
485,4dbc5a10,"Wednesday, July 15, 2020 7:43 PM",2020-07-15T11:43:00Z,4
486,4dbc5a10,"Wednesday, July 15, 2020 5:57 PM",2020-07-15T09:57:00Z,4
487,67669d2d,"Wednesday, July 15, 2020 5:34 PM",2020-07-15T09:34:00Z,1
488,67669d2d,"Wednesday, July 15, 2020 5:25 PM",2020-07-15T09:25:00Z,1
489,4dbc5a10,"Wednesday, July 15, 2020 4:38 PM",2020-07-15T08:38:00Z,4
490,4dbc5a10,"Wednesday, July 15, 2020 11:47 AM",2020-07-15T15:47:00Z,4
491,4dbc5a10,"Wednesday, July 15, 2020 11:28 AM",2020-07-15T15:28:00Z,4
492,4dbc5a10,"Wednesday, July 15, 2020 10:42 AM",2020-07-15T14:42:00Z,4
493,963feaec,"Wednesday, July 15, 2020 10:37 AM",2020-07-15T14:37:00Z,2
494,963feaec,"Wednesday, July 15, 2020 9:06 AM",2020-07-15T13:06:00Z,2
495,4dbc5a10,"Tuesday, July 14, 2020 11:23 PM",2020-07-14T15:23:00Z,4
496,4dbc5a10,"Tuesday, July 14, 2020 2:55 PM",2020-07-14T06:55:00Z,4
497,4dbc5a10,"Tuesday, July 14, 2020 12:28 PM",2020-07-14T16:28:00Z,4
498,4dbc5a10,"Tuesday, July 14, 2020 10:06 AM",2020-07-14T14:06:00Z,4
499,4dbc5a10,"Monday, July 13, 2020 5:14 PM",2020-07-13T09:14:00Z,4
500,e5d310e0,"Monday, July 13, 2020 1:47 PM",2020-07-13T05:47:00Z,5
501,e5d310e0,"Monday, July 13, 2020 1:32 PM",2020-07-13T05:32:00Z,5
502,e5d310e0,"Monday, July 13, 2020 12:21 PM",2020-07-13T16:21:00Z,5
503,e5d310e0,"Monday, July 13, 2020 9:30 AM",2020-07-13T13:30:00Z,5
504,963feaec,"Friday, July 10, 2020 2:55 PM",2020-07-10T06:55:00Z,2
505,963feaec,"Friday, July 10, 2020 2:21 PM",2020-07-10T06:21:00Z,2
506,963feaec,"Friday, July 10, 2020 1:07 PM",2020-07-10T05:07:00Z,2
507,09e96521,"Wednesday, July 8, 2020 10:53 AM",2020-07-08T14:53:00Z,
508,09e96521,"Wednesday, July 8, 2020 10:39 AM",2020-07-08T14:39:00Z,
509,e5d310e0,"Monday, June 29, 2020 7:17 PM",2020-06-29T11:17:00Z,5
510,e5d310e0,"Monday, June 29, 2020 4:32 PM",2020-06-29T08:32:00Z,5
511,67669d2d,"Monday, June 29, 2020 11:53 AM",2020-06-29T15:53:00Z,1
512,67669d2d,"Monday, June 29, 2020 11:03 AM",2020-06-29T15:03:00Z,1
513,67669d2d,"Monday, June 29, 2020 10:57 AM",2020-06-29T14:57:00Z,1
514,67669d2d,"Monday, June 29, 2020 10:46 AM",2020-06-29T14:46:00Z,1
515,419fdc3d,"Thursday, June 25, 2020 12:48 PM",2020-06-25T16:48:00Z,
516,419fdc3d,"Thursday, June 25, 2020 12:06 PM",2020-06-25T16:06:00Z,
517,67669d2d,"Thursday, June 25, 2020 8:24 AM",2020-06-25T12:24:00Z,1
518,67669d2d,"Thursday, June 25, 2020 8:02 AM",2020-06-25T12:02:00Z,1
519,09e96521,"Wednesday, June 24, 2020 6:16 PM",2020-06-24T10:16:00Z,
520,09e96521,"Wednesday, June 24, 2020 4:10 PM",2020-06-24T08:10:00Z,
521,67669d2d,"Wednesday, June 24, 2020 1:50 PM",2020-06-24T05:50:00Z,1
522,67669d2d,"Wednesday, June 24, 2020 1:10 PM",2020-06-24T05:10:00Z,1
523,67669d2d,"Tuesday, June 23, 2020 4:02 PM",2020-06-23T08:02:00Z,1
524,67669d2d,"Tuesday, June 23, 2020 3:34 PM",2020-06-23T07:34:00Z,1
525,af4d4c68,"Thursday, June 18, 2020 9:55 AM",2020-06-18T13:55:00Z,
526,af4d4c68,"Thursday, June 18, 2020 9:19 AM",2020-06-18T13:19:00Z,
527,419fdc3d,"Monday, June 15, 2020 6:36 PM",2020-06-15T10:36:00Z,
528,419fdc3d,"Monday, June 15, 2020 6:01 PM",2020-06-15T10:01:00Z,
529,419fdc3d,"Monday, June 15, 2020 3:46 PM",2020-06-15T07:46:00Z,
530,419fdc3d,"Monday, June 15, 2020 3:31 PM",2020-06-15T07:31:00Z,
531,963feaec,"Monday, June 15, 2020 3:29 PM",2020-06-15T07:29:00Z,2
532,963feaec,"Monday, June 15, 2020 11:48 AM",2020-06-15T15:48:00Z,2
533,09e96521,"Thursday, June 11, 2020 3:43 PM",2020-06-11T07:43:00Z,
534,09e96521,"Thursday, June 11, 2020 3:36 PM",2020-06-11T07:36:00Z,
535,e5d310e0,"Friday, June 5, 2020 3:39 PM",2020-06-05T07:39:00Z,5
536,e5d310e0,"Friday, June 5, 2020 2:33 PM",2020-06-05T06:33:00Z,5
537,09e96521,"Thursday, June 4, 2020 8:48 PM",2020-06-04T12:48:00Z,
538,09e96521,"Thursday, June 4, 2020 5:16 PM",2020-06-04T09:16:00Z,
539,09e96521,"Thursday, June 4, 2020 4:21 PM",2020-06-04T08:21:00Z,
540,09e96521,"Thursday, June 4, 2020 3:45 PM",2020-06-04T07:45:00Z,
541,09e96521,"Thursday, June 4, 2020 12:31 PM",2020-06-04T16:31:00Z,
542,09e96521,"Thursday, June 4, 2020 11:54 AM",2020-06-04T15:54:00Z,
543,af4d4c68,"Tuesday, June 2, 2020 5:35 PM",2020-06-02T09:35:00Z,
544,d691d4d1,"Tuesday, June 2, 2020 5:03 PM",2020-06-02T09:03:00Z,
545,419fdc3d,"Tuesday, June 2, 2020 3:16 PM",2020-06-02T07:16:00Z,
546,af4d4c68,"Monday, June 1, 2020 3:33 PM",2020-06-01T07:33:00Z,
547,af4d4c68,"Monday, June 1, 2020 2:36 PM",2020-06-01T06:36:00Z,
548,a07a6c1c,"Friday, May 29, 2020 3:04 PM",2020-05-29T07:04:00Z,
549,09e96521,"Thursday, May 28, 2020 11:38 AM",2020-05-28T15:38:00Z,
550,09e96521,"Thursday, May 28, 2020 10:03 AM",2020-05-28T14:03:00Z,
551,e5d310e0,"Wednesday, May 27, 2020 2:40 PM",2020-05-27T06:40:00Z,5
552,e5d310e0,"Wednesday, May 27, 2020 12:51 PM",2020-05-27T16:51:00Z,5
553,a07a6c1c,"Wednesday, May 27, 2020 12:50 PM",2020-05-27T16:50:00Z,
554,a07a6c1c,"Wednesday, May 27, 2020 12:11 PM",2020-05-27T16:11:00Z,
555,e5d310e0,"Tuesday, May 26, 2020 5:10 PM",2020-05-26T09:10:00Z,5
556,963feaec,"Wednesday, May 20, 2020 5:15 PM",2020-05-20T09:15:00Z,2
557,963feaec,"Wednesday, May 20, 2020 4:33 PM",2020-05-20T08:33:00Z,2
558,963feaec,"Tuesday, May 19, 2020 3:58 PM",2020-05-19T07:58:00Z,2
559,963feaec,"Tuesday, May 19, 2020 2:33 PM",2020-05-19T06:33:00Z,2
560,b8e50f61,"Friday, May 15, 2020 4:21 PM",2020-05-15T08:21:00Z,3
561,b8e50f61,"Friday, May 15, 2020 12:45 PM",2020-05-15T16:45:00Z,3
562,b8e50f61,"Thursday, May 14, 2020 5:01 PM",2020-05-14T09:01:00Z,3
563,b8e50f61,"Thursday, May 14, 2020 2:59 PM",2020-05-14T06:59:00Z,3
564,4dbc5a10,"Tuesday, May 12, 2020 1:29 PM",2020-05-12T05:29:00Z,4
565,4dbc5a10,"Tuesday, May 12, 2020 1:50 PM",2020-05-12T05:50:00Z,4
566,af4d4c68,"Monday, May 11, 2020 5:09 PM",2020-05-11T09:09:00Z,
567,af4d4c68,"Monday, May 11, 2020 4:02 PM",2020-05-11T08:02:00Z,
568,af4d4c68,"Friday, May 8, 2020 3:22 PM",2020-05-08T07:22:00Z,
569,af4d4c68,"Friday, May 8, 2020 2:39 PM",2020-05-08T06:39:00Z,
570,09e96521,"Wednesday, April 29, 2020 5:12 PM",2020-04-29T09:12:00Z,
571,09e96521,"Wednesday, April 29, 2020 3:20 PM",2020-04-29T07:20:00Z,
572,09e96521,"Wednesday, April 29, 2020 10:47 AM",2020-04-29T14:47:00Z,
573,963feaec,"Tuesday, April 28, 2020 6:38 PM",2020-04-28T10:38:00Z,2
574,963feaec,"Tuesday, April 28, 2020 2:20 PM",2020-04-28T06:20:00Z,2
575,09e96521,"Tuesday, April 28, 2020 1:45 PM",2020-04-28T05:45:00Z,
576,09e96521,"Tuesday, April 28, 2020 11:44 AM",2020-04-28T15:44:00Z,
577,af4d4c68,"Thursday, April 23, 2020 4:48 PM",2020-04-23T08:48:00Z,
578,af4d4c68,"Thursday, April 23, 2020 3:27 PM",2020-04-23T07:27:00Z,
579,b4a6b7b1,"Monday, April 20, 2020 9:32 AM",2020-04-20T13:32:00Z,
580,b4a6b7b1,"Monday, April 20, 2020 9:11 AM",2020-04-20T13:11:00Z,
